--
-- PostgreSQL database dump
--

-- Dumped from database version 12.12 (Ubuntu 12.12-0ubuntu0.20.04.1)
-- Dumped by pg_dump version 14.4

SET statement_timeout = 0;
SET lock_timeout = 0;
SET idle_in_transaction_session_timeout = 0;
SET client_encoding = 'UTF8';
SET standard_conforming_strings = on;
SELECT pg_catalog.set_config('search_path', '', false);
SET check_function_bodies = false;
SET xmloption = content;
SET client_min_messages = warning;
SET row_security = off;

DROP DATABASE pamaxie;
--
-- Name: pamaxie; Type: DATABASE; Schema: -; Owner: admin
--

CREATE DATABASE pamaxie WITH TEMPLATE = template0 ENCODING = 'UTF8' LOCALE = 'C.UTF-8';


ALTER DATABASE pamaxie OWNER TO admin;

\connect pamaxie

SET statement_timeout = 0;
SET lock_timeout = 0;
SET idle_in_transaction_session_timeout = 0;
SET client_encoding = 'UTF8';
SET standard_conforming_strings = on;
SELECT pg_catalog.set_config('search_path', '', false);
SET check_function_bodies = false;
SET xmloption = content;
SET client_min_messages = warning;
SET row_security = off;

SET default_tablespace = '';

SET default_table_access_method = heap;

--
-- Name: __EFMigrationsHistory; Type: TABLE; Schema: public; Owner: admin
--

CREATE TABLE public."__EFMigrationsHistory" (
    migration_id character varying(150) NOT NULL,
    product_version character varying(32) NOT NULL
);


ALTER TABLE public."__EFMigrationsHistory" OWNER TO admin;

--
-- Name: api_keys; Type: TABLE; Schema: public; Owner: admin
--

CREATE TABLE public.api_keys (
    id bigint NOT NULL,
    project_id bigint NOT NULL,
    credential_hash text,
    ttl timestamp with time zone
);


ALTER TABLE public.api_keys OWNER TO admin;

--
-- Name: email_confirmations; Type: TABLE; Schema: public; Owner: admin
--

CREATE TABLE public.email_confirmations (
    user_id bigint NOT NULL,
    confirmation_code text
);


ALTER TABLE public.email_confirmations OWNER TO admin;

--
-- Name: email_confirmations_user_id_seq; Type: SEQUENCE; Schema: public; Owner: admin
--

ALTER TABLE public.email_confirmations ALTER COLUMN user_id ADD GENERATED BY DEFAULT AS IDENTITY (
    SEQUENCE NAME public.email_confirmations_user_id_seq
    START WITH 1
    INCREMENT BY 1
    NO MINVALUE
    NO MAXVALUE
    CACHE 1
);


--
-- Name: known_user_ips; Type: TABLE; Schema: public; Owner: admin
--

CREATE TABLE public.known_user_ips (
    id bigint NOT NULL,
    user_id bigint NOT NULL,
    ip_address text,
    ttl timestamp with time zone
);


ALTER TABLE public.known_user_ips OWNER TO admin;

--
-- Name: project_users; Type: TABLE; Schema: public; Owner: admin
--

CREATE TABLE public.project_users (
    id bigint NOT NULL,
    user_id bigint NOT NULL,
    project_id bigint NOT NULL,
    permissions integer NOT NULL,
    ttl timestamp with time zone
);


ALTER TABLE public.project_users OWNER TO admin;

--
-- Name: projects; Type: TABLE; Schema: public; Owner: admin
--

CREATE TABLE public.projects (
    id bigint NOT NULL,
    name text NOT NULL,
    project_picture text,
    owner_id bigint NOT NULL,
    flags bigint NOT NULL,
    creation_date timestamp with time zone NOT NULL,
    last_modified timestamp with time zone NOT NULL,
    last_modified_user_id bigint NOT NULL,
    ttl timestamp with time zone
);


ALTER TABLE public.projects OWNER TO admin;

--
-- Name: users; Type: TABLE; Schema: public; Owner: admin
--

CREATE TABLE public.users (
    id bigint NOT NULL,
    username text NOT NULL,
    profile_picture_url text,
    email text NOT NULL,
    first_name text NOT NULL,
    last_name text NOT NULL,
    password_hash text NOT NULL,
    flags bigint NOT NULL,
    creation_date timestamp with time zone NOT NULL,
    ttl timestamp with time zone
);


ALTER TABLE public.users OWNER TO admin;

--
-- Data for Name: __EFMigrationsHistory; Type: TABLE DATA; Schema: public; Owner: admin
--

COPY public."__EFMigrationsHistory" (migration_id, product_version) FROM stdin;
20220305130512_Initial-Migration	6.0.3
20220305151327_Removed-Parameters-User	6.0.3
\.


--
-- Data for Name: api_keys; Type: TABLE DATA; Schema: public; Owner: admin
--

COPY public.api_keys (id, project_id, credential_hash, ttl) FROM stdin;
1044848988244688896	1044848816613761024	$argon2id$v=19$m=65536,t=3,p=1$+oQiZdk2+Q6vh6RsrkJxwg$mQcgOBLtsgW7qxZBETMwJwiujc7/RuM0DGR4hLalHz0	\N
1044852084576370688	1044848005808660480	$argon2id$v=19$m=65536,t=3,p=1$scAW/YytnR11wmkea3JmQA$Ul1O+v96JXY8mIole15Z7EChhqxfb8wNj92cUxIVszk	\N
\.


--
-- Data for Name: email_confirmations; Type: TABLE DATA; Schema: public; Owner: admin
--

COPY public.email_confirmations (user_id, confirmation_code) FROM stdin;
7001053387055865924	dbd23a0a4b
7001053387055865927	6682e88639
7001053387055865931	8e3a57f484
7001053387055865930	be1a0496d3
7001053387051671561	a38405ee57
\.


--
-- Data for Name: known_user_ips; Type: TABLE DATA; Schema: public; Owner: admin
--

COPY public.known_user_ips (id, user_id, ip_address, ttl) FROM stdin;
\.


--
-- Data for Name: project_users; Type: TABLE DATA; Schema: public; Owner: admin
--

COPY public.project_users (id, user_id, project_id, permissions, ttl) FROM stdin;
1044848006039355392	1044842280004882432	1044848005808660480	128	\N
1044848046375976960	1044842280004882432	1044848045956538368	128	\N
1044848056454889472	1044842280004882432	1044848056370995200	128	\N
1044848068458987520	1044842280004882432	1044848068287012864	128	\N
1044848299116347392	7001053387051671562	1044848298986315776	128	\N
1044848311170777088	7001053387051671562	1044848311002996736	128	\N
1044848323204235264	7001053387051671562	1044848323103563776	128	\N
1044848665283280896	7001053387051671553	1044848665182609408	128	\N
1044848674674327552	7001053387051671553	1044848674619793408	128	\N
1044848684568690688	7001053387051671553	1044848684468019200	128	\N
1044848795675803648	7001053387055865857	1044848795029872640	128	\N
1044848806891372544	7001053387055865857	1044848806820061184	128	\N
1044848816664100864	7001053387055865857	1044848816613761024	128	\N
\.


--
-- Data for Name: projects; Type: TABLE DATA; Schema: public; Owner: admin
--

COPY public.projects (id, name, project_picture, owner_id, flags, creation_date, last_modified, last_modified_user_id, ttl) FROM stdin;
1044848005808660480	test	\N	1044842280004882432	0	2022-11-23 08:32:56.928416+03	2022-11-23 08:32:56.92692+03	1044842280004882432	\N
1044848045956538368	test2	\N	1044842280004882432	0	2022-11-23 08:33:06.49992+03	2022-11-23 08:33:06.474716+03	1044842280004882432	\N
1044848056370995200	test3	\N	1044842280004882432	0	2022-11-23 08:33:08.982247+03	2022-11-23 08:33:08.982151+03	1044842280004882432	\N
1044848068287012864	test4	\N	1044842280004882432	0	2022-11-23 08:33:11.823182+03	2022-11-23 08:33:11.823079+03	1044842280004882432	\N
1044848298986315776	test	\N	7001053387051671562	0	2022-11-23 08:34:06.82652+03	2022-11-23 08:34:06.826439+03	7001053387051671562	\N
1044848311002996736	test1	\N	7001053387051671562	0	2022-11-23 08:34:09.691699+03	2022-11-23 08:34:09.69039+03	7001053387051671562	\N
1044848323103563776	test2	\N	7001053387051671562	0	2022-11-23 08:34:12.5773+03	2022-11-23 08:34:12.575459+03	7001053387051671562	\N
1044848665182609408	test	\N	7001053387051671553	0	2022-11-23 08:35:34.135672+03	2022-11-23 08:35:34.135614+03	7001053387051671553	\N
1044848674619793408	test2	\N	7001053387051671553	0	2022-11-23 08:35:36.385125+03	2022-11-23 08:35:36.384927+03	7001053387051671553	\N
1044848684468019200	test3	\N	7001053387051671553	0	2022-11-23 08:35:38.7339+03	2022-11-23 08:35:38.73386+03	7001053387051671553	\N
1044848795029872640	test3	\N	7001053387055865857	0	2022-11-23 08:36:05.094033+03	2022-11-23 08:36:05.093892+03	7001053387055865857	\N
1044848806820061184	test2	\N	7001053387055865857	0	2022-11-23 08:36:07.905177+03	2022-11-23 08:36:07.904183+03	7001053387055865857	\N
1044848816613761024	test	\N	7001053387055865857	0	2022-11-23 08:36:10.240152+03	2022-11-23 08:36:10.24001+03	7001053387055865857	\N
\.


--
-- Data for Name: users; Type: TABLE DATA; Schema: public; Owner: admin
--

COPY public.users (id, username, profile_picture_url, email, first_name, last_name, password_hash, flags, creation_date, ttl) FROM stdin;
1044842280004882432	admin	\N	admin@admins.com	Admin	User	$argon2d$v=19$m=12,t=3,p=1$enZleDQ4Mno5YWIwMDAwMA$briLLZHQr4i8MvVbAGe/0g	26	2022-11-23 08:10:11.785015+03	\N
7001053387051671561	rgoodoune1	\N	rgoodoune1@omniture.com	Ryan	Goodoune	$argon2d$v=19$m=12,t=3,p=1$MXB5ejR1bHBhMm8wMDAwMA$XYnn2EUxRtV7DK2K19dYPg	0	2022-09-03 20:44:02+03	\N
7001053387055865924	thapperc	\N	thapperc@qq.com	Talya	Happer	$argon2d$v=19$m=12,t=3,p=1$MXB5ejR1bHBhMm8wMDAwMA$XYnn2EUxRtV7DK2K19dYPg	0	2022-09-05 02:22:15+03	\N
7001053387055865931	hwillimentj	\N	hwillimentj@dyndns.org	Hannis	Williment	$argon2d$v=19$m=12,t=3,p=1$MXB5ejR1bHBhMm8wMDAwMA$XYnn2EUxRtV7DK2K19dYPg	0	2022-01-15 03:29:37+03	\N
7001053387055865930	sgrishanovi	\N	sgrishanovi@multiply.com	Svend	Grishanov	$argon2d$v=19$m=12,t=3,p=1$MXB5ejR1bHBhMm8wMDAwMA$XYnn2EUxRtV7DK2K19dYPg	0	2021-12-02 15:58:49+03	\N
7001053387055865927	jpetzf	\N	jpetzf@tumblr.com	Jordanna	Petz	$argon2d$v=19$m=12,t=3,p=1$MXB5ejR1bHBhMm8wMDAwMA$XYnn2EUxRtV7DK2K19dYPg	0	2022-09-14 22:59:54+03	\N
7001053387055865909	socarrolb	\N	socarrolb@yahoo.com	Sayre	O'Carrol	$argon2d$v=19$m=12,t=3,p=1$em94dHE4N2FpYmUwMDAwMA$glsa1U0/l7IaXOeVnOwj/g	18	2021-12-30 14:06:38+03	\N
7001053387055865916	rhavilla	\N	rhavilla@usda.gov	Rickie	Havill	$argon2d$v=19$m=12,t=3,p=1$MXB5ejR1bHBhMm8wMDAwMA$XYnn2EUxRtV7DK2K19dYPg	18	2022-10-21 01:05:44+03	\N
7001053387051671562	smonte2	\N	smonte2@geocities.com	Silvio	Monte	$argon2d$v=19$m=12,t=3,p=1$MXB5ejR1bHBhMm8wMDAwMA$XYnn2EUxRtV7DK2K19dYPg	18	2022-10-08 12:23:59+03	\N
7001053387055865897	adanniel6	\N	adanniel6@blogspot.com	Alf	Danniel	$argon2d$v=19$m=12,t=3,p=1$MXB5ejR1bHBhMm8wMDAwMA$XYnn2EUxRtV7DK2K19dYPg	18	2022-05-04 09:56:25+03	\N
7001053387055865898	hhammerberger7	\N	hhammerberger7@deviantart.com	Haley	Hammerberger	$argon2d$v=19$m=12,t=3,p=1$MXB5ejR1bHBhMm8wMDAwMA$XYnn2EUxRtV7DK2K19dYPg	18	2021-12-27 06:26:57+03	\N
7001053387055865899	ganstee8	\N	ganstee8@newyorker.com	Garth	Anstee	$argon2d$v=19$m=12,t=3,p=1$MXB5ejR1bHBhMm8wMDAwMA$XYnn2EUxRtV7DK2K19dYPg	18	2022-10-28 12:18:14+03	\N
7001053387055865925	ngirdlestoned	\N	ngirdlestoned@independent.co.uk	Neysa	Girdlestone	$argon2d$v=19$m=12,t=3,p=1$MXB5ejR1bHBhMm8wMDAwMA$XYnn2EUxRtV7DK2K19dYPg	18	2022-11-10 07:19:54+03	\N
7001053387051671553	bmullane0	\N	bmullane0@amazon.co.uk	Barris	Mullane	$argon2d$v=19$m=12,t=3,p=1$MXB5ejR1bHBhMm8wMDAwMA$XYnn2EUxRtV7DK2K19dYPg	18	2022-11-05 04:00:36+03	\N
7001053387055865926	gbadsworthe	\N	gbadsworthe@webmd.com	Griffie	Badsworth	$argon2d$v=19$m=12,t=3,p=1$MXB5ejR1bHBhMm8wMDAwMA$XYnn2EUxRtV7DK2K19dYPg	18	2022-08-09 02:36:32+03	\N
7001053387055865857	bmoreinu3	\N	bmoreinu3@printfriendly.com	Bryan	Moreinu	$argon2d$v=19$m=12,t=3,p=1$MXB5ejR1bHBhMm8wMDAwMA$XYnn2EUxRtV7DK2K19dYPg	18	2022-05-20 05:34:13+03	\N
7001053387055865900	iiglesiaz9	\N	iiglesiaz9@nhs.uk	Issy	Iglesiaz	$argon2d$v=19$m=12,t=3,p=1$MXB5ejR1bHBhMm8wMDAwMA$XYnn2EUxRtV7DK2K19dYPg	18	2022-03-27 23:33:28+03	\N
7001053387055865888	rstpierre4	\N	rstpierre4@xrea.com	Roderic	St Pierre	$argon2d$v=19$m=12,t=3,p=1$MXB5ejR1bHBhMm8wMDAwMA$XYnn2EUxRtV7DK2K19dYPg	18	2022-05-03 13:46:32+03	\N
7001053387055865928	sdreweg	\N	sdreweg@tamu.edu	Shelby	Drewe	$argon2d$v=19$m=12,t=3,p=1$MXB5ejR1bHBhMm8wMDAwMA$XYnn2EUxRtV7DK2K19dYPg	18	2022-09-02 07:55:34+03	\N
7001053387055865929	vvansalzbergerh	\N	vvansalzbergerh@tiny.cc	Vinson	Van Salzberger	$argon2d$v=19$m=12,t=3,p=1$MXB5ejR1bHBhMm8wMDAwMA$XYnn2EUxRtV7DK2K19dYPg	18	2022-08-15 07:00:59+03	\N
7001053387055865894	jfarquarson5	\N	jfarquarson5@microsoft.com	Jan	Farquarson	$argon2d$v=19$m=12,t=3,p=1$MXB5ejR1bHBhMm8wMDAwMA$XYnn2EUxRtV7DK2K19dYPg	18	2022-01-07 03:35:55+03	\N
\.


--
-- Name: email_confirmations_user_id_seq; Type: SEQUENCE SET; Schema: public; Owner: admin
--

SELECT pg_catalog.setval('public.email_confirmations_user_id_seq', 1, false);


--
-- Name: __EFMigrationsHistory pk___ef_migrations_history; Type: CONSTRAINT; Schema: public; Owner: admin
--

ALTER TABLE ONLY public."__EFMigrationsHistory"
    ADD CONSTRAINT pk___ef_migrations_history PRIMARY KEY (migration_id);


--
-- Name: api_keys pk_api_keys; Type: CONSTRAINT; Schema: public; Owner: admin
--

ALTER TABLE ONLY public.api_keys
    ADD CONSTRAINT pk_api_keys PRIMARY KEY (id);


--
-- Name: email_confirmations pk_email_confirmations; Type: CONSTRAINT; Schema: public; Owner: admin
--

ALTER TABLE ONLY public.email_confirmations
    ADD CONSTRAINT pk_email_confirmations PRIMARY KEY (user_id);


--
-- Name: known_user_ips pk_known_user_ips; Type: CONSTRAINT; Schema: public; Owner: admin
--

ALTER TABLE ONLY public.known_user_ips
    ADD CONSTRAINT pk_known_user_ips PRIMARY KEY (id);


--
-- Name: project_users pk_project_users; Type: CONSTRAINT; Schema: public; Owner: admin
--

ALTER TABLE ONLY public.project_users
    ADD CONSTRAINT pk_project_users PRIMARY KEY (id);


--
-- Name: projects pk_projects; Type: CONSTRAINT; Schema: public; Owner: admin
--

ALTER TABLE ONLY public.projects
    ADD CONSTRAINT pk_projects PRIMARY KEY (id);


--
-- Name: users pk_users; Type: CONSTRAINT; Schema: public; Owner: admin
--

ALTER TABLE ONLY public.users
    ADD CONSTRAINT pk_users PRIMARY KEY (id);


--
-- Name: ix_api_keys_project_id_credential_hash; Type: INDEX; Schema: public; Owner: admin
--

CREATE INDEX ix_api_keys_project_id_credential_hash ON public.api_keys USING btree (project_id, credential_hash);


--
-- Name: ix_known_user_ips_user_id_ip_address; Type: INDEX; Schema: public; Owner: admin
--

CREATE INDEX ix_known_user_ips_user_id_ip_address ON public.known_user_ips USING btree (user_id, ip_address);


--
-- Name: ix_project_users_user_id_project_id; Type: INDEX; Schema: public; Owner: admin
--

CREATE INDEX ix_project_users_user_id_project_id ON public.project_users USING btree (user_id, project_id);


--
-- Name: ix_projects_ttl_owner_id_name; Type: INDEX; Schema: public; Owner: admin
--

CREATE INDEX ix_projects_ttl_owner_id_name ON public.projects USING btree (ttl, owner_id, name);


--
-- Name: ix_users_ttl_username_email; Type: INDEX; Schema: public; Owner: admin
--

CREATE INDEX ix_users_ttl_username_email ON public.users USING btree (ttl, username, email);


--
-- PostgreSQL database dump complete
--

